Coffee Eclair,Blackberry Tart,Bottled Water,Single Espresso
Lemon Cake,Lemon Tart
Lemon Cake,Lemon Tart
Opera Cake,Strawberry Cake,Blackberry Tart,Cherry Tart,Apricot Danish,Bottled Water
Casino Cake,Strawberry Cake,Coffee Eclair,Napoleon Cake,Raspberry Cookie
Berry Tart,Ganache Cookie,Bottled Water
Strawberry Cake,Apple Tart,Apple Croissant,Apple Danish,Bottled Water,Cherry Soda
Blackberry Tart,Marzipan Cookie,Tuile Cookie
Casino Cake,Tuile Cookie
Opera Cake,Cherry Tart,Apricot Danish
Raspberry Cookie,Lemon Cookie,Lemon Lemonade,Raspberry Lemonade,Green Tea
Pecan Tart,Green Tea,Cherry Soda
Single Espresso
Lemon Cake,Lemon Tart,Vanilla Meringue
Truffle Cake,Gongolais Cookie,Blueberry Danish
Blueberry Tart,Apricot Croissant,Hot Coffee
Strawberry Cake,Chocolate Eclair,Napoleon Cake,Almond Tart,Blueberry Tart,Gongolais Cookie
Lemon Cake,Lemon Tart,Raspberry Cookie
Coffee Eclair,Apple Pie,Almond Twist,Hot Coffee
Opera Cake,Cherry Tart,Apricot Croissant,Apricot Danish
Lemon Cake,Vanilla Eclair,Lemon Tart,Vanilla Frappuccino
Chocolate Croissant,Blueberry Danish,Bottled Water
Apricot Tart,Lemon Tart
Strawberry Cake,Napoleon Cake,Almond Bear Claw
Coffee Eclair,Gongolais Cookie,Cherry Soda
Coffee Eclair,Apple Pie,Berry Tart
Raspberry Cookie,Lemon Cookie,Lemon Lemonade,Raspberry Lemonade,Green Tea
Napoleon Cake,Berry Tart
Chocolate Cake,Casino Cake,Orange Juice
Apricot Tart,Apricot Danish
Raspberry Cookie
Vanilla Eclair,Ganache Cookie,Chocolate Meringue,Almond Bear Claw
Strawberry Cake,Chocolate Coffee
Raspberry Cookie,Lemon Cookie,Lemon Lemonade,Raspberry Lemonade,Green Tea
Strawberry Cake,Chocolate Tart,Walnut Cookie,Vanilla Frappuccino
Apple Tart,Apple Croissant,Apple Danish
Berry Tart,Gongolais Cookie,Vanilla Meringue,Almond Twist,Bottled Water
Chocolate Cake,Blueberry Tart,Almond Croissant,Apricot Croissant,Hot Coffee,Vanilla Frappuccino
Lemon Cake,Apple Pie,Lemon Tart,Chocolate Meringue,Marzipan Cookie,Walnut Cookie,Chocolate Coffee
Blackberry Tart,Blueberry Tart,Cherry Tart,Ganache Cookie,Vanilla Meringue
Strawberry Cake,Almond Tart,Berry Tart
Opera Cake,Apple Danish
Raspberry Cookie,Marzipan Cookie,Tuile Cookie
Blackberry Tart,Ganache Cookie,Lemon Lemonade
Almond Tart,Lemon Tart,Chocolate Meringue,Apricot Croissant
Apple Pie,Gongolais Cookie,Bottled Water
Vanilla Eclair
Chocolate Cake,Casino Cake,Chocolate Coffee
Cheese Croissant,Orange Juice
Tuile Cookie,Blueberry Danish
Coffee Eclair,Chocolate Tart,Tuile Cookie
Lemon Cake,Lemon Tart
Apricot Croissant,Chocolate Croissant
Chocolate Cake,Casino Cake,Chocolate Coffee
Blackberry Tart,Almond Croissant,Hot Coffee
Blueberry Danish,Single Espresso
Chocolate Coffee
Strawberry Cake,Napoleon Cake,Lemon Tart
Chocolate Cake,Casino Cake,Blueberry Tart,Lemon Tart,Chocolate Coffee
Chocolate Tart,Ganache Cookie,Lemon Lemonade
Casino Cake,Strawberry Cake,Chocolate Eclair,Napoleon Cake,Blueberry Danish
Raspberry Cookie,Lemon Cookie,Lemon Lemonade,Raspberry Lemonade,Green Tea
Apricot Tart,Marzipan Cookie,Tuile Cookie
Lemon Lemonade
Apple Tart,Berry Tart,Bottled Water
Marzipan Cookie,Tuile Cookie
Lemon Cake,Apple Danish
Apple Tart,Apple Croissant,Apple Danish,Cherry Soda
Opera Cake,Cherry Tart,Apricot Danish
Truffle Cake,Apple Tart,Blueberry Tart
Almond Croissant,Single Espresso
Coffee Eclair,Walnut Cookie,Almond Croissant
Chocolate Tart,Lemon Tart,Almond Croissant
Lemon Cake,Apricot Tart,Apple Danish
Lemon Tart,Cheese Croissant,Single Espresso
Lemon Cake,Truffle Cake,Berry Tart,Almond Bear Claw
Apple Croissant
Lemon Cake,Truffle Cake,Vanilla Eclair,Berry Tart,Gongolais Cookie,Vanilla Meringue
Coffee Eclair,Marzipan Cookie,Almond Croissant,Apple Danish,Almond Twist,Green Tea
Apricot Tart,Apricot Danish,Orange Juice
Truffle Cake,Gongolais Cookie,Apricot Croissant
Coffee Eclair,Apple Pie,Pecan Tart,Tuile Cookie,Almond Twist,Hot Coffee
Raspberry Cookie,Lemon Cookie,Lemon Lemonade,Raspberry Lemonade
Opera Cake,Truffle Cake,Berry Tart,Gongolais Cookie,Apple Danish
Apple Tart,Apple Croissant,Apple Danish,Cherry Soda
Hot Coffee
Apple Tart,Apple Croissant,Apple Danish,Cherry Soda
Berry Tart,Bottled Water
Truffle Cake,Lemon Tart,Gongolais Cookie,Chocolate Croissant,Green Tea
Chocolate Cake,Casino Cake,Hot Coffee,Chocolate Coffee
Blueberry Tart,Apricot Croissant,Hot Coffee,Vanilla Frappuccino,Cherry Soda
Lemon Cake,Cherry Soda
Lemon Cake,Opera Cake,Cherry Tart,Apricot Danish
Coffee Eclair,Apple Pie,Almond Twist,Hot Coffee
Blueberry Tart,Vanilla Meringue,Apricot Croissant,Raspberry Lemonade,Hot Coffee
Lemon Cake,Walnut Cookie,Almond Croissant
Lemon Cake,Lemon Tart
Lemon Cake
Berry Tart,Gongolais Cookie,Almond Twist
Gongolais Cookie,Chocolate Croissant,Lemon Lemonade
Apple Croissant
Blueberry Tart,Chocolate Tart,Green Tea
Vanilla Eclair,Lemon Tart,Pecan Tart,Cherry Soda
Lemon Cake,Apple Tart,Blackberry Tart,Marzipan Cookie,Apple Croissant,Chocolate Croissant,Apple Danish,Cherry Soda
Opera Cake,Lemon Lemonade,Hot Coffee
Apricot Tart,Cherry Tart,Ganache Cookie,Raspberry Lemonade,Vanilla Frappuccino,Cherry Soda
Opera Cake,Cherry Tart,Gongolais Cookie,Marzipan Cookie
Chocolate Eclair,Blueberry Tart,Chocolate Tart,Apple Croissant,Cheese Croissant,Orange Juice
Truffle Cake,Gongolais Cookie,Marzipan Cookie,Apricot Danish
Coffee Eclair,Blackberry Tart,Single Espresso
Chocolate Eclair,Apple Tart,Vanilla Meringue,Walnut Cookie,Apple Croissant,Apricot Croissant,Apple Danish,Cherry Soda
Apple Pie,Apricot Tart,Berry Tart,Bottled Water
Raspberry Cookie,Cheese Croissant,Apricot Danish
Truffle Cake,Vanilla Eclair,Cherry Tart,Walnut Cookie,Chocolate Coffee
Raspberry Lemonade
Lemon Cake,Opera Cake,Vanilla Eclair,Marzipan Cookie,Tuile Cookie
Lemon Cake,Apple Pie,Lemon Tart,Cheese Croissant
Raspberry Cookie,Lemon Cookie,Lemon Lemonade,Raspberry Lemonade
Blueberry Tart,Cherry Tart,Raspberry Cookie,Marzipan Cookie,Walnut Cookie,Almond Croissant,Lemon Lemonade,Single Espresso
Berry Tart,Cherry Tart,Bottled Water
Chocolate Cake,Casino Cake,Chocolate Coffee
Opera Cake,Cherry Tart,Apricot Danish
Apple Tart,Apple Croissant,Apple Danish,Cherry Soda
Coffee Eclair,Apple Pie,Pecan Tart,Walnut Cookie,Almond Twist,Hot Coffee
Casino Cake,Lemon Cookie,Marzipan Cookie
Truffle Cake,Apricot Tart,Gongolais Cookie
Gongolais Cookie,Orange Juice,Chocolate Coffee,Vanilla Frappuccino
Blueberry Danish,Raspberry Lemonade
Apricot Tart,Raspberry Cookie
Lemon Cake,Lemon Cookie,Lemon Lemonade,Orange Juice
Berry Tart,Pecan Tart,Vanilla Meringue,Bottled Water
Apple Tart,Apple Croissant,Apple Danish,Cherry Soda
Coffee Eclair,Ganache Cookie,Marzipan Cookie,Tuile Cookie,Cheese Croissant,Apple Danish,Vanilla Frappuccino
Chocolate Tart,Walnut Cookie,Vanilla Frappuccino
Apple Tart,Apple Croissant,Apple Danish
Strawberry Cake,Napoleon Cake,Apple Pie
Opera Cake,Apple Pie,Berry Tart,Cherry Tart,Walnut Cookie,Apricot Danish
Pecan Tart,Cheese Croissant,Orange Juice
Gongolais Cookie,Bottled Water,Chocolate Coffee
Truffle Cake,Chocolate Eclair,Blueberry Tart,Gongolais Cookie,Cheese Croissant,Almond Bear Claw,Single Espresso
Chocolate Cake,Casino Cake,Apple Tart,Lemon Cookie,Vanilla Meringue,Apple Croissant,Chocolate Coffee
Chocolate Cake,Chocolate Eclair,Chocolate Meringue
Truffle Cake,Lemon Tart,Gongolais Cookie
Apple Pie,Apricot Tart,Berry Tart,Apricot Danish,Cherry Soda
Chocolate Tart,Walnut Cookie,Apricot Danish,Bottled Water,Vanilla Frappuccino
Coffee Eclair,Blackberry Tart
Truffle Cake,Gongolais Cookie
Chocolate Cake,Lemon Cake,Casino Cake,Chocolate Coffee
Strawberry Cake,Napoleon Cake,Cherry Tart,Raspberry Lemonade
Lemon Cake,Apple Tart,Cherry Tart,Lemon Tart,Blueberry Danish
Chocolate Cake,Casino Cake,Lemon Tart,Gongolais Cookie,Chocolate Coffee
Cheese Croissant,Almond Twist,Orange Juice
Chocolate Cake,Casino Cake,Almond Twist,Chocolate Coffee
Apple Pie,Cherry Tart,Apricot Danish,Hot Coffee
Strawberry Cake,Napoleon Cake,Blackberry Tart
Lemon Tart,Lemon Cookie,Tuile Cookie,Apricot Danish,Single Espresso
Truffle Cake,Gongolais Cookie,Almond Twist
Chocolate Cake,Casino Cake,Truffle Cake,Lemon Tart,Cheese Croissant,Apricot Danish,Blueberry Danish,Chocolate Coffee
Opera Cake,Strawberry Cake,Truffle Cake,Cherry Soda
Strawberry Cake,Chocolate Eclair,Cherry Tart,Tuile Cookie,Apricot Danish
Opera Cake,Cherry Tart,Apple Croissant,Apricot Danish
Chocolate Eclair,Chocolate Tart,Chocolate Meringue,Single Espresso
Chocolate Tart
Opera Cake,Vanilla Eclair,Napoleon Cake,Pecan Tart,Gongolais Cookie,Raspberry Cookie,Orange Juice
Strawberry Cake,Blackberry Tart,Chocolate Tart,Ganache Cookie,Vanilla Meringue,Apple Danish,Cherry Soda
Berry Tart,Raspberry Lemonade,Bottled Water
Lemon Tart,Tuile Cookie,Orange Juice
Strawberry Cake,Napoleon Cake
Apricot Tart,Apple Croissant,Cheese Croissant,Raspberry Lemonade,Orange Juice
Truffle Cake,Gongolais Cookie,Tuile Cookie
Chocolate Cake,Blueberry Tart,Apricot Croissant
Truffle Cake,Tuile Cookie,Green Tea
Lemon Cookie,Apple Danish,Almond Twist,Orange Juice
Apple Croissant
Lemon Lemonade,Orange Juice
Apple Pie,Chocolate Croissant,Cherry Soda
Berry Tart,Tuile Cookie,Lemon Lemonade,Green Tea
Chocolate Cake,Apricot Tart,Vanilla Meringue
Blueberry Tart,Apricot Croissant,Hot Coffee
Almond Tart,Berry Tart,Bottled Water,Chocolate Coffee
Strawberry Cake,Coffee Eclair,Napoleon Cake,Lemon Tart,Apple Danish
Raspberry Cookie,Lemon Cookie,Lemon Lemonade,Raspberry Lemonade,Green Tea
Strawberry Cake,Napoleon Cake,Almond Twist
Truffle Cake,Gongolais Cookie,Apple Croissant
Ganache Cookie,Lemon Cookie,Walnut Cookie
Chocolate Cake,Chocolate Eclair,Gongolais Cookie,Chocolate Coffee
Opera Cake,Cherry Tart,Ganache Cookie,Apricot Danish,Blueberry Danish,Chocolate Coffee
Apple Tart,Apple Croissant,Apple Danish,Almond Bear Claw,Cherry Soda
Tuile Cookie
Raspberry Cookie,Lemon Cookie,Lemon Lemonade,Raspberry Lemonade,Green Tea
Apple Tart,Lemon Cookie
Chocolate Eclair,Marzipan Cookie,Tuile Cookie
Raspberry Cookie,Lemon Cookie,Lemon Lemonade,Raspberry Lemonade,Green Tea
Marzipan Cookie,Tuile Cookie
Truffle Cake,Berry Tart,Blueberry Tart,Gongolais Cookie
Truffle Cake,Gongolais Cookie
Marzipan Cookie,Tuile Cookie,Bottled Water,Vanilla Frappuccino
Truffle Cake,Gongolais Cookie
Chocolate Cake,Casino Cake,Chocolate Coffee
Chocolate Cake,Almond Tart,Almond Croissant
Blackberry Tart,Cheese Croissant,Orange Juice
Strawberry Cake,Napoleon Cake,Lemon Lemonade
Lemon Cake,Apple Danish
Raspberry Cookie,Lemon Cookie,Lemon Lemonade,Raspberry Lemonade
Chocolate Meringue,Marzipan Cookie,Tuile Cookie,Apricot Croissant
Coffee Eclair,Apple Pie,Almond Twist,Hot Coffee
Pecan Tart,Cherry Soda
Coffee Eclair,Apple Pie,Almond Twist,Hot Coffee
Napoleon Cake,Marzipan Cookie,Tuile Cookie
Coffee Eclair,Apple Pie,Almond Twist
Lemon Cake,Casino Cake,Napoleon Cake,Gongolais Cookie,Cherry Soda
Coffee Eclair,Marzipan Cookie,Blueberry Danish,Hot Coffee
Lemon Cake,Chocolate Eclair,Vanilla Eclair,Blackberry Tart,Cherry Tart,Lemon Tart,Ganache Cookie,Orange Juice
Raspberry Cookie,Lemon Cookie,Lemon Lemonade,Raspberry Lemonade
Strawberry Cake,Berry Tart,Pecan Tart,Apricot Croissant,Apple Danish,Bottled Water
Blueberry Tart,Apricot Croissant,Hot Coffee
Cherry Tart,Vanilla Meringue,Orange Juice,Hot Coffee
Casino Cake,Apple Pie,Raspberry Cookie
Apple Pie,Blackberry Tart,Apricot Danish
Apple Croissant,Blueberry Danish,Green Tea,Hot Coffee,Chocolate Coffee
Chocolate Cake,Casino Cake,Tuile Cookie,Lemon Lemonade,Chocolate Coffee
Apricot Tart,Lemon Cookie,Vanilla Meringue,Apricot Danish,Blueberry Danish,Vanilla Frappuccino
Coffee Eclair,Ganache Cookie,Raspberry Cookie,Almond Croissant,Apple Danish
Raspberry Cookie,Lemon Lemonade,Vanilla Frappuccino
Truffle Cake,Gongolais Cookie
Lemon Cake,Truffle Cake,Lemon Tart,Almond Croissant
Coffee Eclair,Blackberry Tart,Single Espresso
Coffee Eclair,Apple Pie,Almond Twist,Hot Coffee
Raspberry Cookie,Apple Croissant,Chocolate Croissant,Hot Coffee
Coffee Eclair,Walnut Cookie,Cherry Soda
Marzipan Cookie,Tuile Cookie
Lemon Cookie,Bottled Water
Strawberry Cake,Truffle Cake,Napoleon Cake,Blueberry Danish
Truffle Cake,Gongolais Cookie,Chocolate Meringue,Tuile Cookie,Chocolate Croissant,Chocolate Coffee
Raspberry Cookie,Apricot Croissant,Cherry Soda
Blueberry Tart,Orange Juice
Truffle Cake,Gongolais Cookie
Strawberry Cake,Napoleon Cake,Blackberry Tart,Chocolate Meringue
Lemon Cake,Apple Tart,Blueberry Tart,Chocolate Tart,Lemon Tart,Vanilla Meringue,Cherry Soda
Lemon Cake,Opera Cake,Blueberry Tart,Lemon Tart,Apricot Danish
Apple Pie,Apple Tart
Strawberry Cake,Napoleon Cake,Almond Tart,Apple Tart,Hot Coffee
Apple Tart,Apple Croissant,Apple Danish,Chocolate Coffee,Cherry Soda
Chocolate Tart,Tuile Cookie,Vanilla Frappuccino
Opera Cake,Cherry Tart,Apricot Danish
Strawberry Cake,Napoleon Cake
Coffee Eclair,Apple Pie,Almond Twist,Hot Coffee
Truffle Cake,Apple Tart,Gongolais Cookie
Chocolate Eclair,Berry Tart,Almond Bear Claw,Cherry Soda
Napoleon Cake,Almond Tart,Chocolate Croissant,Apple Danish,Orange Juice
Opera Cake,Cherry Tart,Apricot Danish
Opera Cake
Berry Tart,Marzipan Cookie
Chocolate Cake,Lemon Cake,Lemon Tart
Opera Cake,Cherry Tart,Lemon Cookie,Apricot Danish
Apple Tart,Apple Croissant,Apple Danish,Cherry Soda
Lemon Tart,Apple Croissant,Raspberry Lemonade
Lemon Cake,Apple Pie,Berry Tart,Apricot Croissant,Chocolate Croissant,Apricot Danish
Truffle Cake,Berry Tart,Tuile Cookie,Blueberry Danish,Single Espresso
Napoleon Cake,Berry Tart,Ganache Cookie,Chocolate Coffee
Chocolate Eclair
Truffle Cake,Gongolais Cookie,Apple Croissant
Apple Pie,Lemon Lemonade
Chocolate Cake,Casino Cake,Chocolate Coffee
Raspberry Cookie,Lemon Cookie,Lemon Lemonade,Raspberry Lemonade,Green Tea
Opera Cake,Berry Tart,Raspberry Cookie,Bottled Water
Cherry Tart,Gongolais Cookie,Orange Juice,Single Espresso
Opera Cake,Lemon Cookie
Apple Tart,Apple Croissant,Apple Danish,Cherry Soda
Pecan Tart,Chocolate Meringue,Marzipan Cookie
Blackberry Tart,Almond Croissant,Blueberry Danish
Coffee Eclair,Blackberry Tart,Single Espresso
Apple Tart,Apple Croissant,Apple Danish,Cherry Soda
Blueberry Tart,Cherry Tart,Apricot Croissant,Orange Juice
Marzipan Cookie,Apple Croissant,Cheese Croissant,Orange Juice
Truffle Cake,Napoleon Cake,Gongolais Cookie,Green Tea
Casino Cake,Strawberry Cake,Apple Danish,Lemon Lemonade,Raspberry Lemonade,Cherry Soda
Lemon Tart,Tuile Cookie,Almond Croissant,Apricot Croissant
Casino Cake,Apple Croissant,Blueberry Danish,Bottled Water
Lemon Cake,Casino Cake,Lemon Tart,Ganache Cookie,Raspberry Cookie,Tuile Cookie,Hot Coffee
Coffee Eclair,Almond Tart,Berry Tart,Blueberry Tart,Raspberry Cookie,Apricot Croissant,Hot Coffee
Strawberry Cake,Napoleon Cake,Berry Tart,Apple Danish,Bottled Water
Ganache Cookie,Walnut Cookie
Napoleon Cake,Apricot Tart,Chocolate Tart,Chocolate Coffee
Almond Bear Claw,Blueberry Danish
Lemon Cake,Vanilla Eclair,Lemon Tart
Chocolate Cake,Cheese Croissant,Orange Juice
Casino Cake,Cheese Croissant,Apple Danish,Vanilla Frappuccino
Apple Tart,Apple Croissant,Apple Danish
Tuile Cookie
Blueberry Tart,Marzipan Cookie,Tuile Cookie
Coffee Eclair,Blackberry Tart,Single Espresso
Vanilla Eclair,Ganache Cookie,Lemon Cookie,Cheese Croissant,Chocolate Croissant,Lemon Lemonade,Orange Juice,Bottled Water
Lemon Cake,Berry Tart,Vanilla Meringue,Apricot Croissant,Raspberry Lemonade
Raspberry Cookie,Cheese Croissant,Orange Juice
Berry Tart,Ganache Cookie,Raspberry Cookie,Lemon Cookie
Chocolate Cake,Casino Cake,Chocolate Coffee
Apple Pie,Walnut Cookie
Lemon Cake,Raspberry Cookie,Cheese Croissant,Orange Juice,Vanilla Frappuccino
Blueberry Tart,Apricot Croissant,Hot Coffee
Opera Cake,Strawberry Cake,Napoleon Cake,Cheese Croissant,Almond Twist,Green Tea
Lemon Tart,Chocolate Meringue,Almond Croissant,Green Tea,Chocolate Coffee
Chocolate Cake,Casino Cake,Chocolate Coffee
Blueberry Tart,Chocolate Tart,Chocolate Croissant
Truffle Cake,Ganache Cookie,Gongolais Cookie,Chocolate Meringue,Marzipan Cookie,Apple Croissant,Orange Juice
Truffle Cake,Apple Tart,Blueberry Tart,Apple Croissant,Apple Danish
Vanilla Eclair,Gongolais Cookie,Orange Juice
Opera Cake,Marzipan Cookie,Apple Danish
Blueberry Tart,Apricot Croissant,Hot Coffee
Apple Tart,Apple Croissant,Apple Danish,Cherry Soda
Truffle Cake,Gongolais Cookie
Coffee Eclair,Apple Pie,Almond Twist,Hot Coffee
Napoleon Cake,Apricot Tart,Pecan Tart,Ganache Cookie,Lemon Cookie,Blueberry Danish,Raspberry Lemonade,Hot Coffee
Lemon Cake,Napoleon Cake,Blackberry Tart,Lemon Cookie,Almond Twist
Strawberry Cake,Napoleon Cake
Cherry Tart,Apricot Danish,Hot Coffee
Chocolate Cake,Casino Cake,Chocolate Coffee
Truffle Cake,Almond Tart,Berry Tart,Vanilla Frappuccino
Lemon Cake,Strawberry Cake,Almond Tart,Berry Tart,Chocolate Meringue,Apple Danish,Single Espresso
Apple Tart,Chocolate Croissant
Coffee Eclair,Blackberry Tart,Single Espresso
Raspberry Cookie,Tuile Cookie
Lemon Cake,Lemon Tart
Chocolate Cake,Casino Cake,Chocolate Coffee
Lemon Cake,Casino Cake,Lemon Tart
Coffee Eclair,Apple Pie,Almond Twist,Hot Coffee
Walnut Cookie,Cheese Croissant,Almond Bear Claw,Hot Coffee,Cherry Soda
Strawberry Cake,Napoleon Cake,Lemon Cookie
Lemon Cake,Lemon Tart,Raspberry Cookie,Almond Croissant,Bottled Water
Truffle Cake,Apricot Tart
Apple Tart,Apple Croissant,Apple Danish,Cherry Soda
Chocolate Cake,Casino Cake,Chocolate Coffee
Truffle Cake,Berry Tart,Pecan Tart,Lemon Cookie,Tuile Cookie,Apple Croissant,Blueberry Danish,Chocolate Coffee
Strawberry Cake,Napoleon Cake,Apricot Tart,Cheese Croissant,Green Tea,Chocolate Coffee
Truffle Cake,Berry Tart,Gongolais Cookie,Walnut Cookie
Casino Cake,Vanilla Eclair,Almond Tart,Lemon Tart,Apricot Danish,Hot Coffee
Berry Tart,Lemon Cookie,Chocolate Croissant,Bottled Water
Truffle Cake,Gongolais Cookie,Tuile Cookie,Almond Croissant,Vanilla Frappuccino
Chocolate Cake,Tuile Cookie,Vanilla Frappuccino
Coffee Eclair,Blackberry Tart,Single Espresso
Truffle Cake,Napoleon Cake,Tuile Cookie,Raspberry Lemonade
Lemon Cake,Coffee Eclair,Apple Pie,Almond Twist
Vanilla Meringue
Bottled Water
Chocolate Cake,Casino Cake,Chocolate Coffee
Truffle Cake,Almond Tart,Vanilla Meringue,Almond Croissant
Vanilla Eclair,Apple Tart,Berry Tart,Cheese Croissant,Bottled Water,Vanilla Frappuccino
Opera Cake,Strawberry Cake,Marzipan Cookie,Orange Juice
Napoleon Cake,Apple Pie,Lemon Lemonade,Hot Coffee
Opera Cake,Strawberry Cake,Napoleon Cake,Apple Pie,Apple Tart,Vanilla Frappuccino
Truffle Cake,Gongolais Cookie,Apricot Danish
Vanilla Meringue,Walnut Cookie,Hot Coffee
Strawberry Cake,Napoleon Cake,Apple Croissant
Chocolate Cake,Apricot Tart,Marzipan Cookie,Tuile Cookie,Apple Croissant,Apple Danish
Chocolate Tart,Apricot Croissant,Vanilla Frappuccino
Lemon Cake,Apple Croissant,Raspberry Lemonade
Berry Tart,Green Tea,Bottled Water
Cherry Tart,Apricot Danish
Truffle Cake,Almond Tart,Blueberry Tart
Cheese Croissant,Almond Twist
Strawberry Cake,Almond Croissant,Apple Croissant
Napoleon Cake,Berry Tart,Chocolate Meringue
Berry Tart,Bottled Water
Raspberry Cookie,Marzipan Cookie,Tuile Cookie
Napoleon Cake,Cherry Tart,Gongolais Cookie
Truffle Cake,Vanilla Eclair,Gongolais Cookie
Almond Tart,Walnut Cookie
Opera Cake,Blackberry Tart,Blueberry Tart,Pecan Tart,Cheese Croissant,Hot Coffee
Strawberry Cake,Vanilla Eclair,Apple Tart,Chocolate Meringue,Chocolate Croissant
Napoleon Cake,Vanilla Meringue,Tuile Cookie
Coffee Eclair,Napoleon Cake,Blackberry Tart,Single Espresso
Opera Cake,Cherry Soda,Single Espresso
Truffle Cake,Ganache Cookie,Almond Croissant,Apple Croissant,Green Tea
Strawberry Cake,Napoleon Cake
Lemon Cake,Lemon Tart,Tuile Cookie
Strawberry Cake,Napoleon Cake,Vanilla Meringue,Cheese Croissant,Vanilla Frappuccino
Lemon Cake,Apricot Tart,Lemon Tart,Raspberry Lemonade
Blackberry Tart,Cherry Tart,Raspberry Lemonade
Berry Tart,Tuile Cookie,Cherry Soda
Truffle Cake,Gongolais Cookie,Vanilla Frappuccino
Single Espresso
Coffee Eclair,Blackberry Tart,Single Espresso
Vanilla Eclair,Tuile Cookie,Vanilla Frappuccino
Vanilla Eclair,Chocolate Meringue,Walnut Cookie
Chocolate Cake,Strawberry Cake,Almond Tart,Ganache Cookie
Raspberry Lemonade
Truffle Cake,Raspberry Cookie,Vanilla Meringue,Bottled Water
Chocolate Meringue
Strawberry Cake,Napoleon Cake
Apple Tart,Chocolate Tart,Vanilla Meringue,Walnut Cookie,Apple Croissant,Vanilla Frappuccino
Opera Cake,Cherry Tart,Apricot Danish
Coffee Eclair,Apple Pie,Chocolate Croissant,Almond Twist,Hot Coffee
Napoleon Cake,Apricot Tart,Cherry Tart,Raspberry Cookie,Chocolate Meringue,Cheese Croissant,Lemon Lemonade
Blackberry Tart
Truffle Cake,Chocolate Tart,Gongolais Cookie,Lemon Lemonade,Cherry Soda
Raspberry Cookie,Cheese Croissant,Chocolate Coffee
Coffee Eclair,Blackberry Tart,Single Espresso
Blueberry Tart,Apricot Croissant,Hot Coffee
Coffee Eclair,Blackberry Tart,Single Espresso
Lemon Cake,Cherry Soda
Casino Cake
Apple Danish,Blueberry Danish,Single Espresso
Opera Cake,Strawberry Cake,Almond Tart
Chocolate Croissant,Apple Danish
Coffee Eclair,Chocolate Tart,Chocolate Croissant,Apricot Danish,Chocolate Coffee
Truffle Cake,Gongolais Cookie
Apricot Croissant,Chocolate Croissant,Apple Danish,Orange Juice
Berry Tart,Chocolate Coffee
Opera Cake,Cherry Tart,Walnut Cookie,Apricot Danish,Almond Twist,Cherry Soda
Marzipan Cookie,Cheese Croissant,Orange Juice
Marzipan Cookie,Tuile Cookie
Marzipan Cookie,Tuile Cookie
Strawberry Cake,Napoleon Cake,Apricot Tart,Ganache Cookie
Lemon Cake,Truffle Cake,Coffee Eclair,Almond Tart,Ganache Cookie,Gongolais Cookie,Almond Croissant,Apple Croissant
Coffee Eclair,Blackberry Tart,Single Espresso
Strawberry Cake,Truffle Cake,Berry Tart,Raspberry Cookie,Orange Juice
Chocolate Tart,Walnut Cookie,Vanilla Frappuccino
Almond Croissant
Truffle Cake,Cheese Croissant,Orange Juice
Marzipan Cookie,Tuile Cookie,Apple Croissant
Coffee Eclair,Blackberry Tart,Single Espresso
Blueberry Tart,Apricot Croissant,Hot Coffee
Lemon Cake,Casino Cake,Vanilla Eclair,Chocolate Meringue,Apricot Croissant
Apple Tart,Apricot Tart
Blueberry Tart,Bottled Water
Chocolate Cake,Chocolate Tart,Lemon Cookie
Vanilla Meringue
Strawberry Cake,Almond Tart,Marzipan Cookie,Tuile Cookie,Green Tea
Berry Tart
Strawberry Cake,Lemon Tart,Vanilla Frappuccino
Cheese Croissant,Orange Juice
Vanilla Frappuccino
Vanilla Eclair,Chocolate Tart,Raspberry Cookie,Walnut Cookie,Green Tea,Vanilla Frappuccino
Chocolate Cake,Truffle Cake,Cheese Croissant,Chocolate Coffee
Napoleon Cake,Cherry Tart,Apricot Danish,Almond Bear Claw,Lemon Lemonade,Vanilla Frappuccino
Casino Cake,Strawberry Cake,Apple Pie,Blueberry Danish
Strawberry Cake,Truffle Cake,Napoleon Cake,Raspberry Cookie,Lemon Cookie
Strawberry Cake,Lemon Cookie,Apricot Croissant
Vanilla Eclair,Vanilla Frappuccino
Casino Cake,Lemon Tart
Casino Cake,Strawberry Cake,Napoleon Cake,Lemon Lemonade
Chocolate Cake,Casino Cake,Chocolate Coffee
Apple Pie,Lemon Tart,Cheese Croissant,Orange Juice
Blueberry Tart,Apricot Croissant,Hot Coffee
Truffle Cake,Coffee Eclair,Gongolais Cookie,Apricot Croissant,Orange Juice
Strawberry Cake,Cheese Croissant,Vanilla Frappuccino
Lemon Tart,Marzipan Cookie,Apple Danish
Lemon Cake,Tuile Cookie,Lemon Lemonade
Raspberry Cookie
Strawberry Cake,Napoleon Cake,Apple Croissant,Cheese Croissant
Strawberry Cake,Tuile Cookie,Vanilla Frappuccino
Chocolate Meringue,Marzipan Cookie,Chocolate Croissant,Single Espresso
Opera Cake,Cherry Tart,Apricot Danish
Napoleon Cake,Marzipan Cookie,Tuile Cookie
Berry Tart,Blackberry Tart,Apricot Danish,Apple Danish
Berry Tart,Marzipan Cookie,Tuile Cookie
Apple Tart,Blueberry Tart,Chocolate Croissant
Chocolate Cake,Casino Cake,Apricot Tart,Cherry Tart,Lemon Cookie,Apple Danish,Chocolate Coffee,Vanilla Frappuccino
Berry Tart,Apricot Croissant,Bottled Water
Blueberry Tart,Apricot Croissant,Hot Coffee
Casino Cake,Vanilla Eclair,Blueberry Tart
Coffee Eclair,Blackberry Tart,Single Espresso
Berry Tart,Vanilla Meringue,Almond Croissant,Blueberry Danish,Bottled Water
Lemon Cake,Raspberry Cookie,Apricot Croissant
Chocolate Cake,Apple Tart,Pecan Tart,Gongolais Cookie,Single Espresso
Blueberry Tart,Pecan Tart,Apricot Croissant,Single Espresso
Raspberry Cookie,Lemon Cookie,Lemon Lemonade,Raspberry Lemonade
Lemon Cake,Opera Cake,Walnut Cookie,Raspberry Lemonade,Orange Juice,Green Tea,Chocolate Coffee
Truffle Cake,Blueberry Tart,Chocolate Meringue,Cherry Soda
Chocolate Tart,Walnut Cookie,Vanilla Frappuccino
Apple Pie,Blueberry Tart,Apricot Croissant,Hot Coffee
Strawberry Cake,Napoleon Cake,Apricot Tart
Chocolate Tart,Vanilla Frappuccino
Apple Pie,Apricot Croissant
Apple Tart,Cheese Croissant,Orange Juice,Chocolate Coffee
Raspberry Cookie,Lemon Cookie,Lemon Lemonade,Raspberry Lemonade
Napoleon Cake,Apricot Tart,Berry Tart,Cheese Croissant,Almond Bear Claw,Single Espresso
Berry Tart,Blackberry Tart,Vanilla Meringue,Vanilla Frappuccino
Opera Cake,Cherry Tart,Apricot Danish
Opera Cake,Ganache Cookie,Bottled Water
Opera Cake,Chocolate Coffee
Napoleon Cake
Blueberry Tart,Lemon Cookie,Almond Croissant,Apple Croissant,Cherry Soda
Lemon Tart
Cheese Croissant,Orange Juice
Strawberry Cake,Chocolate Croissant
Raspberry Cookie,Lemon Cookie,Lemon Lemonade,Raspberry Lemonade,Green Tea
Truffle Cake,Gongolais Cookie
Almond Tart,Apple Croissant
Strawberry Cake,Chocolate Tart,Lemon Lemonade,Vanilla Frappuccino
Blueberry Danish,Vanilla Frappuccino
Berry Tart,Blackberry Tart,Apple Croissant
Truffle Cake,Vanilla Meringue,Cheese Croissant,Orange Juice,Bottled Water
Apricot Tart,Almond Croissant,Almond Bear Claw
Casino Cake,Opera Cake,Cherry Tart,Apricot Danish,Vanilla Frappuccino
Apple Tart,Apple Croissant,Apple Danish,Cherry Soda
Chocolate Tart,Marzipan Cookie,Tuile Cookie
Chocolate Tart,Walnut Cookie,Vanilla Frappuccino
Berry Tart,Bottled Water
Chocolate Cake,Casino Cake,Chocolate Coffee
Chocolate Cake,Ganache Cookie,Cheese Croissant,Blueberry Danish
Berry Tart,Marzipan Cookie,Bottled Water
Apple Tart,Apple Croissant,Apple Danish
Truffle Cake,Cherry Tart
Coffee Eclair,Apple Pie,Almond Twist,Hot Coffee
Chocolate Cake,Pecan Tart
Raspberry Cookie,Almond Croissant
Chocolate Cake,Berry Tart,Blueberry Tart,Apricot Croissant
Vanilla Eclair
Apricot Tart,Vanilla Meringue,Marzipan Cookie,Tuile Cookie,Chocolate Coffee
Strawberry Cake,Napoleon Cake,Apple Tart,Chocolate Tart,Almond Twist
Almond Tart,Pecan Tart,Almond Twist
Opera Cake,Coffee Eclair,Apple Pie,Ganache Cookie,Raspberry Cookie
Ganache Cookie,Apple Croissant,Apricot Croissant
Chocolate Cake,Lemon Cake,Truffle Cake,Raspberry Cookie,Apricot Croissant,Orange Juice,Bottled Water
Chocolate Cake,Casino Cake,Chocolate Coffee
Chocolate Croissant,Almond Twist,Vanilla Frappuccino
Blueberry Tart,Tuile Cookie,Apricot Croissant,Hot Coffee
Opera Cake,Cherry Tart,Apricot Danish
Chocolate Cake,Truffle Cake,Raspberry Cookie,Cheese Croissant,Apricot Danish,Chocolate Coffee,Cherry Soda
Berry Tart,Tuile Cookie,Walnut Cookie,Bottled Water
Apricot Tart,Blackberry Tart,Lemon Cookie
Vanilla Eclair,Gongolais Cookie,Raspberry Cookie
Apple Pie,Berry Tart,Vanilla Meringue,Tuile Cookie,Raspberry Lemonade,Green Tea,Hot Coffee
Gongolais Cookie,Blueberry Danish
Coffee Eclair,Apple Pie,Almond Twist,Hot Coffee
Chocolate Cake,Casino Cake,Blackberry Tart,Blueberry Tart,Gongolais Cookie,Apricot Danish,Chocolate Coffee
Raspberry Lemonade,Orange Juice
Chocolate Eclair,Napoleon Cake,Almond Croissant
Strawberry Cake,Apricot Tart,Almond Twist,Hot Coffee,Single Espresso
Chocolate Cake,Blueberry Tart
Berry Tart,Marzipan Cookie,Tuile Cookie,Almond Twist,Cherry Soda
Apricot Tart,Tuile Cookie
Apricot Tart,Cherry Tart
Berry Tart,Walnut Cookie,Apple Croissant,Apricot Danish,Raspberry Lemonade,Single Espresso
Blackberry Tart,Chocolate Croissant,Chocolate Coffee,Cherry Soda
Blackberry Tart,Tuile Cookie
Opera Cake,Cherry Tart,Apricot Danish
Apple Tart,Apple Croissant,Apple Danish,Cherry Soda
Cheese Croissant,Apricot Danish,Orange Juice
Blueberry Tart,Apricot Croissant,Hot Coffee
Coffee Eclair,Napoleon Cake,Blackberry Tart,Green Tea
Coffee Eclair,Apple Pie,Almond Twist,Hot Coffee
Apple Tart,Apple Croissant,Apple Danish,Cherry Soda
Berry Tart
Truffle Cake,Vanilla Eclair,Berry Tart,Ganache Cookie,Cheese Croissant,Almond Bear Claw
Chocolate Cake,Opera Cake,Almond Tart,Almond Bear Claw,Lemon Lemonade
Almond Tart,Berry Tart,Cherry Tart,Vanilla Frappuccino
Apple Pie,Almond Twist,Almond Bear Claw
Lemon Cake,Opera Cake,Cherry Tart,Lemon Tart,Apricot Danish
Opera Cake,Truffle Cake,Gongolais Cookie
Napoleon Cake,Lemon Cookie,Marzipan Cookie,Chocolate Croissant
Strawberry Cake,Coffee Eclair,Napoleon Cake
Chocolate Cake,Apple Tart,Apricot Danish
Tuile Cookie,Walnut Cookie,Almond Twist
Napoleon Cake,Apple Pie,Tuile Cookie,Cheese Croissant,Raspberry Lemonade
Berry Tart,Bottled Water
Strawberry Cake,Apple Pie,Raspberry Lemonade,Green Tea
Chocolate Tart,Vanilla Frappuccino
Blueberry Tart,Pecan Tart,Marzipan Cookie,Apricot Croissant,Hot Coffee
Casino Cake,Berry Tart,Orange Juice
Strawberry Cake,Napoleon Cake,Ganache Cookie,Green Tea
Chocolate Tart,Walnut Cookie,Vanilla Frappuccino
Raspberry Cookie,Tuile Cookie,Cheese Croissant,Orange Juice
Chocolate Eclair,Chocolate Coffee
Opera Cake,Cherry Tart,Apricot Danish
Truffle Cake,Napoleon Cake,Berry Tart,Cherry Tart,Lemon Lemonade
Strawberry Cake,Napoleon Cake,Chocolate Croissant
Apricot Tart,Berry Tart,Green Tea,Bottled Water
Marzipan Cookie,Tuile Cookie
Blueberry Tart,Apricot Croissant
Chocolate Eclair,Berry Tart,Gongolais Cookie
Chocolate Cake,Almond Tart,Raspberry Lemonade
Chocolate Cake,Cherry Tart,Marzipan Cookie,Apple Croissant,Chocolate Croissant,Almond Twist,Blueberry Danish,Vanilla Frappuccino
Truffle Cake,Coffee Eclair,Gongolais Cookie
Strawberry Cake,Coffee Eclair
Coffee Eclair,Blackberry Tart,Single Espresso
Strawberry Cake,Blackberry Tart
Lemon Cake,Blueberry Tart,Cherry Tart,Pecan Tart,Chocolate Meringue,Walnut Cookie,Apple Danish,Chocolate Coffee
Apricot Tart,Almond Croissant,Orange Juice
Lemon Cookie,Chocolate Meringue,Apple Croissant
Strawberry Cake,Coffee Eclair,Blackberry Tart,Cherry Tart
Truffle Cake,Gongolais Cookie
Tuile Cookie
Raspberry Cookie,Cheese Croissant,Orange Juice
Bottled Water
Blackberry Tart,Lemon Tart,Marzipan Cookie,Tuile Cookie
Chocolate Cake,Apple Pie,Cherry Tart,Raspberry Cookie,Vanilla Frappuccino
Truffle Cake,Gongolais Cookie
Coffee Eclair,Apple Pie,Almond Twist
Coffee Eclair,Apple Pie,Almond Twist,Hot Coffee
Chocolate Eclair,Blueberry Tart,Cheese Croissant,Blueberry Danish,Orange Juice
Raspberry Cookie,Lemon Cookie,Lemon Lemonade,Raspberry Lemonade
Chocolate Cake,Napoleon Cake,Almond Croissant,Apple Croissant
Lemon Cake,Apricot Croissant,Cherry Soda
Casino Cake,Marzipan Cookie,Tuile Cookie,Green Tea
Lemon Cake,Lemon Tart
Apricot Danish
Opera Cake,Almond Tart,Cherry Tart,Apricot Danish
Strawberry Cake,Napoleon Cake,Apple Tart,Cherry Soda
Lemon Cake,Chocolate Eclair,Lemon Tart
Coffee Eclair,Blackberry Tart,Single Espresso
Pecan Tart,Gongolais Cookie,Marzipan Cookie
Apricot Tart
Blackberry Tart,Blueberry Tart,Vanilla Meringue
Opera Cake,Cherry Tart,Apricot Danish
Lemon Tart
Truffle Cake,Gongolais Cookie
Lemon Cake,Lemon Tart
Apple Tart,Apple Danish,Almond Twist,Blueberry Danish
Casino Cake,Opera Cake,Almond Tart,Chocolate Croissant
Almond Croissant,Bottled Water
Apricot Tart,Pecan Tart,Gongolais Cookie,Vanilla Frappuccino
Strawberry Cake,Apple Tart,Vanilla Meringue,Hot Coffee
Apricot Tart,Marzipan Cookie,Apricot Danish,Apple Danish
Chocolate Cake,Casino Cake,Chocolate Coffee
Coffee Eclair,Almond Tart
Lemon Cake,Casino Cake,Chocolate Croissant,Blueberry Danish
Coffee Eclair,Apple Pie,Almond Twist,Hot Coffee
Blueberry Danish,Green Tea,Bottled Water
Opera Cake,Berry Tart,Almond Croissant
Casino Cake,Apple Tart,Almond Croissant,Apricot Croissant,Single Espresso
Lemon Cake,Lemon Tart,Apricot Croissant
Almond Tart,Ganache Cookie,Tuile Cookie,Apple Croissant
Napoleon Cake,Chocolate Tart,Marzipan Cookie,Tuile Cookie,Hot Coffee
Almond Tart,Apple Pie,Blueberry Tart,Apricot Croissant
Apple Tart,Apple Croissant,Apple Danish,Cherry Soda
Opera Cake,Cherry Tart,Walnut Cookie,Apricot Danish,Lemon Lemonade
Raspberry Cookie,Lemon Cookie,Lemon Lemonade,Raspberry Lemonade,Green Tea
Berry Tart,Chocolate Tart,Walnut Cookie,Bottled Water,Vanilla Frappuccino
Almond Bear Claw
Chocolate Cake,Casino Cake,Chocolate Coffee
Opera Cake,Cherry Tart,Pecan Tart,Apricot Danish
Chocolate Tart,Walnut Cookie,Green Tea,Vanilla Frappuccino
Chocolate Cake,Chocolate Eclair,Lemon Tart,Vanilla Meringue,Green Tea
Opera Cake,Cherry Tart,Apricot Danish
Truffle Cake,Ganache Cookie,Vanilla Meringue,Marzipan Cookie,Tuile Cookie,Blueberry Danish,Orange Juice,Single Espresso
Apple Tart,Apple Croissant,Apple Danish,Cherry Soda
Chocolate Cake,Casino Cake,Almond Croissant,Chocolate Coffee,Vanilla Frappuccino
Truffle Cake,Gongolais Cookie,Cheese Croissant
Berry Tart,Cheese Croissant,Orange Juice
Chocolate Cake,Almond Croissant,Green Tea,Chocolate Coffee
Apple Pie,Chocolate Tart,Apricot Danish,Vanilla Frappuccino
Chocolate Cake,Casino Cake,Chocolate Coffee
Blueberry Tart,Apricot Croissant,Hot Coffee
Pecan Tart,Almond Twist,Blueberry Danish,Orange Juice
Berry Tart,Almond Croissant,Bottled Water
Apple Danish,Blueberry Danish
Lemon Cake,Chocolate Tart,Chocolate Meringue,Almond Twist,Raspberry Lemonade,Single Espresso
Almond Croissant,Apple Danish,Bottled Water
Apple Tart,Apple Croissant,Apple Danish,Cherry Soda
Lemon Cookie,Marzipan Cookie,Tuile Cookie,Chocolate Croissant,Blueberry Danish,Hot Coffee,Cherry Soda
Chocolate Cake,Almond Twist,Chocolate Coffee
Cherry Tart,Chocolate Meringue,Bottled Water
Strawberry Cake,Napoleon Cake
Truffle Cake,Gongolais Cookie
Cheese Croissant,Orange Juice
Chocolate Cake,Vanilla Meringue,Marzipan Cookie,Tuile Cookie
Truffle Cake
Casino Cake,Gongolais Cookie,Cheese Croissant,Orange Juice
Coffee Eclair,Blackberry Tart,Single Espresso
Strawberry Cake,Napoleon Cake,Apricot Tart,Chocolate Tart,Almond Twist
Truffle Cake,Gongolais Cookie,Apricot Danish,Almond Bear Claw,Vanilla Frappuccino
Chocolate Cake,Casino Cake,Chocolate Coffee
Marzipan Cookie,Tuile Cookie,Blueberry Danish,Orange Juice
Apple Tart,Apple Croissant,Apple Danish,Cherry Soda
Marzipan Cookie,Tuile Cookie
Blueberry Tart,Apricot Croissant,Hot Coffee,Single Espresso
Ganache Cookie,Lemon Lemonade
Truffle Cake,Gongolais Cookie,Cherry Soda
Raspberry Cookie,Cheese Croissant,Blueberry Danish,Orange Juice,Hot Coffee
Lemon Cake,Coffee Eclair,Chocolate Meringue
Cheese Croissant,Orange Juice
Blueberry Tart,Lemon Tart,Apricot Croissant,Almond Bear Claw,Hot Coffee
Coffee Eclair,Raspberry Cookie,Almond Croissant,Chocolate Coffee
Orange Juice
Casino Cake,Almond Tart,Raspberry Cookie,Orange Juice
Vanilla Meringue,Almond Croissant,Cherry Soda
Coffee Eclair,Blackberry Tart,Single Espresso
Apple Tart,Chocolate Meringue,Blueberry Danish,Cherry Soda
Blueberry Tart,Chocolate Tart,Cheese Croissant,Vanilla Frappuccino,Single Espresso
Single Espresso
Marzipan Cookie,Hot Coffee
Lemon Cake,Apple Pie,Ganache Cookie,Orange Juice,Green Tea
Vanilla Eclair,Napoleon Cake,Gongolais Cookie
Marzipan Cookie,Tuile Cookie
Chocolate Cake,Casino Cake,Vanilla Meringue,Green Tea,Chocolate Coffee
Blueberry Tart,Apricot Croissant,Hot Coffee
Almond Tart,Gongolais Cookie,Blueberry Danish
Coffee Eclair,Apple Pie,Berry Tart,Cherry Tart,Raspberry Cookie
Truffle Cake,Gongolais Cookie,Green Tea
Chocolate Tart,Raspberry Cookie,Walnut Cookie,Vanilla Frappuccino
Lemon Cake,Casino Cake,Blackberry Tart,Lemon Tart
Coffee Eclair,Apple Pie,Almond Twist,Hot Coffee
Truffle Cake,Apple Tart,Gongolais Cookie,Bottled Water
Vanilla Eclair,Apple Pie,Gongolais Cookie,Almond Twist
Pecan Tart,Walnut Cookie
Coffee Eclair,Napoleon Cake,Apple Pie,Apricot Tart,Almond Twist,Blueberry Danish,Hot Coffee
Coffee Eclair,Apple Pie,Almond Twist,Hot Coffee
Opera Cake,Apple Danish,Orange Juice,Single Espresso
Blueberry Tart,Apricot Croissant,Hot Coffee
Ganache Cookie,Apricot Danish
Chocolate Cake,Casino Cake,Chocolate Coffee
Almond Tart,Cherry Tart,Bottled Water
Chocolate Eclair,Blackberry Tart,Ganache Cookie,Marzipan Cookie,Tuile Cookie,Chocolate Croissant,Raspberry Lemonade,Chocolate Coffee
Coffee Eclair,Apple Pie,Almond Twist,Hot Coffee
Blueberry Tart,Lemon Lemonade
Almond Twist,Green Tea
Coffee Eclair,Blackberry Tart,Walnut Cookie,Single Espresso
Apple Tart,Apple Croissant,Apple Danish,Cherry Soda
Truffle Cake,Gongolais Cookie,Lemon Cookie
Apple Tart,Apricot Tart,Berry Tart,Apricot Croissant
Strawberry Cake,Truffle Cake,Napoleon Cake,Apricot Croissant
Almond Tart,Lemon Lemonade,Bottled Water
Opera Cake,Cherry Tart,Apricot Danish
Lemon Cake,Apricot Tart,Pecan Tart,Apple Croissant,Hot Coffee
Almond Twist,Vanilla Frappuccino,Cherry Soda
Strawberry Cake,Napoleon Cake
Lemon Cake,Lemon Tart
Strawberry Cake,Apple Tart,Apple Croissant
Almond Tart,Cheese Croissant
Berry Tart,Bottled Water
Truffle Cake,Blackberry Tart,Chocolate Croissant
Raspberry Cookie,Apple Danish
Truffle Cake,Walnut Cookie,Apricot Croissant,Apricot Danish,Orange Juice
Opera Cake,Apple Pie,Walnut Cookie
Strawberry Cake,Chocolate Eclair,Vanilla Eclair,Almond Tart,Cherry Tart,Gongolais Cookie,Apricot Danish,Almond Twist
Ganache Cookie,Lemon Cookie,Marzipan Cookie
Cheese Croissant,Blueberry Danish
Marzipan Cookie,Tuile Cookie
Chocolate Eclair,Almond Tart,Bottled Water
Gongolais Cookie
Chocolate Cake,Chocolate Coffee
Blueberry Tart,Apricot Croissant,Hot Coffee
Opera Cake,Napoleon Cake,Almond Twist,Orange Juice,Bottled Water
Lemon Tart,Ganache Cookie,Raspberry Cookie,Marzipan Cookie,Almond Croissant
Truffle Cake,Lemon Tart,Almond Croissant
Truffle Cake,Blackberry Tart,Lemon Tart,Gongolais Cookie,Raspberry Cookie
Truffle Cake,Gongolais Cookie
Opera Cake,Cherry Tart,Apricot Danish
Chocolate Tart,Walnut Cookie,Vanilla Frappuccino
Apple Tart,Vanilla Meringue,Apple Croissant,Apple Danish,Raspberry Lemonade,Cherry Soda
Opera Cake,Cherry Tart,Apricot Danish
Almond Tart
Coffee Eclair,Blackberry Tart
Tuile Cookie,Green Tea,Single Espresso
Apple Tart,Marzipan Cookie,Tuile Cookie
Lemon Cake,Lemon Tart
Chocolate Tart,Ganache Cookie
Chocolate Cake,Cherry Tart,Lemon Cookie,Green Tea,Cherry Soda
Blueberry Tart,Apricot Croissant,Hot Coffee
Chocolate Cake,Apple Pie,Cheese Croissant
Opera Cake
Napoleon Cake,Blackberry Tart,Lemon Lemonade
Apple Tart,Almond Croissant,Single Espresso
Hot Coffee
Raspberry Cookie,Lemon Cookie,Lemon Lemonade,Raspberry Lemonade,Green Tea
Berry Tart,Lemon Lemonade,Bottled Water
Blackberry Tart,Raspberry Lemonade,Vanilla Frappuccino
Marzipan Cookie,Tuile Cookie,Walnut Cookie
Chocolate Cake,Casino Cake,Raspberry Cookie,Chocolate Coffee
Coffee Eclair,Vanilla Eclair,Apple Pie,Pecan Tart
Chocolate Eclair,Blackberry Tart,Gongolais Cookie,Apricot Croissant
Truffle Cake,Apricot Tart,Vanilla Meringue
Casino Cake,Pecan Tart
Lemon Cake,Coffee Eclair,Blackberry Tart,Cherry Soda
Chocolate Croissant,Hot Coffee
Apple Tart,Lemon Cookie,Apple Croissant,Chocolate Coffee
Vanilla Meringue,Marzipan Cookie,Tuile Cookie
Raspberry Cookie,Lemon Cookie,Lemon Lemonade,Raspberry Lemonade
Pecan Tart,Marzipan Cookie,Walnut Cookie
Vanilla Meringue
Marzipan Cookie,Tuile Cookie
Lemon Cake,Apricot Tart,Walnut Cookie
Apple Pie,Raspberry Cookie,Chocolate Meringue,Apple Danish,Almond Bear Claw,Hot Coffee
Chocolate Tart,Walnut Cookie,Vanilla Frappuccino
Gongolais Cookie,Almond Croissant,Blueberry Danish
Cheese Croissant,Orange Juice,Hot Coffee,Vanilla Frappuccino
Chocolate Cake,Casino Cake,Apple Tart,Blueberry Danish,Raspberry Lemonade,Chocolate Coffee,Single Espresso
Apple Tart,Apple Croissant,Apple Danish,Cherry Soda
Apple Tart,Chocolate Tart,Marzipan Cookie,Green Tea,Hot Coffee
Chocolate Tart,Vanilla Frappuccino
Apple Tart,Apple Croissant,Apple Danish,Cherry Soda
Vanilla Eclair,Pecan Tart,Walnut Cookie,Apricot Croissant,Chocolate Coffee
Almond Tart,Gongolais Cookie,Raspberry Cookie,Vanilla Meringue,Apple Danish
Coffee Eclair,Pecan Tart,Vanilla Meringue,Bottled Water,Vanilla Frappuccino
Casino Cake,Cherry Tart,Marzipan Cookie,Tuile Cookie,Cheese Croissant
Berry Tart,Ganache Cookie,Raspberry Cookie,Lemon Cookie,Almond Croissant,Orange Juice,Chocolate Coffee
Cherry Tart,Apricot Danish
Lemon Cake
Chocolate Cake,Berry Tart,Pecan Tart,Bottled Water,Chocolate Coffee
Truffle Cake,Coffee Eclair,Apple Pie,Lemon Cookie,Marzipan Cookie
Chocolate Cake,Cherry Tart,Chocolate Meringue,Blueberry Danish
Lemon Cake,Lemon Tart,Marzipan Cookie
Raspberry Cookie,Lemon Cookie,Lemon Lemonade,Raspberry Lemonade,Green Tea
Blueberry Tart
Chocolate Cake,Chocolate Eclair,Tuile Cookie,Cheese Croissant,Apricot Danish,Chocolate Coffee,Cherry Soda
Lemon Cake,Lemon Tart,Bottled Water
Chocolate Tart,Walnut Cookie,Vanilla Frappuccino
Chocolate Eclair,Apple Croissant
Raspberry Cookie,Lemon Cookie,Lemon Lemonade,Raspberry Lemonade,Green Tea
Cheese Croissant,Orange Juice
Lemon Cake,Opera Cake,Lemon Tart,Walnut Cookie,Apple Croissant,Bottled Water
Chocolate Tart,Walnut Cookie,Vanilla Frappuccino
Marzipan Cookie,Apple Croissant,Apricot Croissant,Apple Danish,Chocolate Coffee
Blueberry Tart,Apricot Croissant,Hot Coffee
Lemon Cake,Lemon Tart,Chocolate Croissant,Bottled Water
Chocolate Cake,Casino Cake,Coffee Eclair,Cherry Tart,Cherry Soda
Berry Tart,Lemon Tart
Coffee Eclair,Blackberry Tart,Single Espresso
Truffle Cake,Apricot Tart,Gongolais Cookie,Almond Croissant
Chocolate Tart,Walnut Cookie,Vanilla Frappuccino
Apricot Tart,Marzipan Cookie,Tuile Cookie,Orange Juice,Cherry Soda
Lemon Cake,Truffle Cake,Gongolais Cookie
Strawberry Cake,Napoleon Cake
Coffee Eclair,Apple Pie,Almond Twist,Hot Coffee
Chocolate Cake,Opera Cake,Coffee Eclair,Gongolais Cookie,Almond Twist,Blueberry Danish,Lemon Lemonade
Lemon Cake,Lemon Tart
Gongolais Cookie,Vanilla Meringue
Cheese Croissant,Almond Twist,Orange Juice
Strawberry Cake,Vanilla Eclair,Apricot Tart,Marzipan Cookie,Tuile Cookie,Chocolate Coffee
Marzipan Cookie,Tuile Cookie,Lemon Lemonade
Marzipan Cookie,Tuile Cookie
Cheese Croissant,Orange Juice
Truffle Cake,Gongolais Cookie
Berry Tart,Gongolais Cookie,Bottled Water
Blueberry Tart,Apricot Croissant,Hot Coffee
Opera Cake,Blueberry Tart,Tuile Cookie,Cherry Soda
Gongolais Cookie,Raspberry Cookie,Lemon Cookie,Blueberry Danish
Blackberry Tart,Vanilla Meringue,Tuile Cookie,Cheese Croissant,Apple Danish
Coffee Eclair,Blackberry Tart,Single Espresso
Blackberry Tart,Gongolais Cookie,Marzipan Cookie,Apple Croissant,Cheese Croissant,Lemon Lemonade
Cherry Tart,Apricot Danish,Raspberry Lemonade,Green Tea,Single Espresso
Strawberry Cake,Napoleon Cake
Apple Tart,Apple Croissant,Apple Danish
Lemon Cake,Lemon Tart,Tuile Cookie,Apple Croissant,Almond Bear Claw,Bottled Water,Cherry Soda
Strawberry Cake,Napoleon Cake,Cherry Tart
Chocolate Eclair,Apricot Croissant,Chocolate Croissant
Blackberry Tart,Orange Juice
Apricot Tart,Marzipan Cookie,Tuile Cookie,Apple Danish
Coffee Eclair,Blackberry Tart,Gongolais Cookie,Almond Twist,Green Tea,Single Espresso
Coffee Eclair,Almond Croissant,Green Tea
Blackberry Tart,Chocolate Meringue,Single Espresso
Gongolais Cookie,Cheese Croissant,Raspberry Lemonade
Chocolate Croissant
Strawberry Cake,Berry Tart,Ganache Cookie,Chocolate Meringue,Raspberry Lemonade
Pecan Tart,Raspberry Cookie,Cheese Croissant,Orange Juice
Napoleon Cake,Apricot Tart,Gongolais Cookie,Orange Juice,Hot Coffee
Chocolate Cake,Berry Tart,Gongolais Cookie,Walnut Cookie,Chocolate Coffee
Lemon Cake,Lemon Tart
Opera Cake,Blueberry Tart,Apricot Croissant,Hot Coffee
Strawberry Cake,Napoleon Cake
Strawberry Cake,Napoleon Cake,Ganache Cookie,Blueberry Danish
Opera Cake,Cherry Tart,Blueberry Danish
Strawberry Cake,Apricot Tart,Apricot Croissant
Chocolate Tart,Walnut Cookie,Vanilla Frappuccino
Apple Tart,Apple Croissant,Apple Danish,Cherry Soda
Berry Tart,Blackberry Tart
Raspberry Cookie,Chocolate Coffee
Truffle Cake,Gongolais Cookie
Opera Cake,Cherry Tart,Apricot Danish
Apple Tart,Gongolais Cookie,Vanilla Frappuccino,Cherry Soda
Opera Cake,Truffle Cake,Cherry Tart,Apricot Danish
Raspberry Cookie,Lemon Cookie,Lemon Lemonade,Raspberry Lemonade
Gongolais Cookie
Vanilla Eclair,Apple Tart,Blueberry Tart,Cherry Tart,Walnut Cookie,Chocolate Croissant,Single Espresso
Cheese Croissant,Chocolate Croissant,Orange Juice,Bottled Water
Apricot Tart,Raspberry Cookie,Lemon Cookie,Raspberry Lemonade
Raspberry Cookie,Lemon Cookie,Lemon Lemonade,Raspberry Lemonade,Green Tea
Apricot Tart,Chocolate Meringue
Truffle Cake,Apple Danish,Raspberry Lemonade,Orange Juice
Truffle Cake,Gongolais Cookie,Apple Croissant,Almond Twist,Vanilla Frappuccino
Truffle Cake,Coffee Eclair,Pecan Tart
Strawberry Cake,Berry Tart,Blueberry Tart,Almond Twist,Bottled Water
Opera Cake,Cherry Tart,Apricot Danish
Vanilla Eclair,Ganache Cookie,Walnut Cookie,Cheese Croissant,Orange Juice
Truffle Cake,Berry Tart,Cherry Tart
Marzipan Cookie
Berry Tart,Pecan Tart,Gongolais Cookie,Lemon Cookie
Lemon Cake,Opera Cake,Berry Tart,Apple Croissant,Bottled Water,Hot Coffee,Vanilla Frappuccino
Walnut Cookie,Apple Danish,Raspberry Lemonade,Chocolate Coffee
Blueberry Tart,Apricot Croissant,Hot Coffee
Raspberry Cookie,Lemon Cookie,Lemon Lemonade,Raspberry Lemonade,Green Tea
Coffee Eclair,Apple Pie,Lemon Tart,Almond Bear Claw,Orange Juice,Green Tea,Vanilla Frappuccino
Chocolate Cake,Marzipan Cookie,Tuile Cookie,Apricot Croissant
Chocolate Cake,Casino Cake,Tuile Cookie,Raspberry Lemonade,Chocolate Coffee
Raspberry Cookie,Lemon Cookie,Lemon Lemonade,Raspberry Lemonade,Green Tea
Opera Cake,Cherry Tart,Apricot Danish
Berry Tart,Apple Croissant
Vanilla Eclair,Berry Tart,Bottled Water
Opera Cake,Berry Tart,Cherry Tart,Gongolais Cookie,Apricot Danish
Lemon Cake,Opera Cake,Almond Croissant
Chocolate Eclair,Apple Tart,Raspberry Lemonade,Bottled Water
Apple Pie,Almond Croissant,Green Tea
Coffee Eclair,Blackberry Tart,Single Espresso
Chocolate Cake,Casino Cake,Chocolate Coffee
Lemon Cake,Chocolate Tart,Almond Bear Claw,Green Tea
Chocolate Meringue,Apple Danish
Coffee Eclair,Napoleon Cake,Marzipan Cookie
Truffle Cake,Apricot Tart,Gongolais Cookie
Apple Tart,Apple Croissant,Apple Danish,Cherry Soda
Vanilla Meringue,Blueberry Danish,Green Tea
Apple Tart,Vanilla Meringue,Almond Bear Claw
Lemon Cake,Blueberry Tart,Pecan Tart,Lemon Lemonade
Raspberry Cookie,Lemon Cookie,Lemon Lemonade,Raspberry Lemonade,Green Tea
Chocolate Eclair,Tuile Cookie,Almond Twist,Almond Bear Claw,Single Espresso
Berry Tart,Blueberry Tart,Chocolate Tart,Cherry Tart,Vanilla Meringue,Apple Croissant
Almond Twist,Bottled Water
Apple Pie,Almond Croissant
Gongolais Cookie,Tuile Cookie,Raspberry Lemonade,Cherry Soda
Apple Tart,Apple Croissant,Apple Danish,Cherry Soda
Strawberry Cake,Truffle Cake,Coffee Eclair,Ganache Cookie
Opera Cake,Napoleon Cake,Cherry Tart,Apricot Danish,Raspberry Lemonade
Truffle Cake,Marzipan Cookie,Tuile Cookie,Orange Juice
Truffle Cake,Gongolais Cookie,Apple Croissant
Cheese Croissant,Orange Juice
Strawberry Cake,Napoleon Cake,Blackberry Tart
Coffee Eclair,Apple Pie,Almond Twist,Hot Coffee
Raspberry Cookie,Lemon Cookie,Lemon Lemonade,Raspberry Lemonade,Green Tea
Lemon Lemonade
Lemon Cake,Vanilla Eclair,Berry Tart,Lemon Tart
Berry Tart,Apple Croissant,Bottled Water
Chocolate Eclair,Tuile Cookie,Cheese Croissant,Blueberry Danish
Chocolate Cake,Chocolate Eclair,Blueberry Tart,Almond Croissant,Blueberry Danish,Vanilla Frappuccino
Apple Tart,Apple Croissant,Apple Danish
Lemon Cake,Apple Danish,Chocolate Coffee
Marzipan Cookie,Orange Juice,Bottled Water
Strawberry Cake,Napoleon Cake
Pecan Tart
Truffle Cake,Gongolais Cookie
Almond Tart,Blueberry Tart,Vanilla Meringue
Apricot Tart,Apple Danish,Orange Juice
Apple Tart,Cheese Croissant,Orange Juice,Vanilla Frappuccino
Strawberry Cake,Marzipan Cookie,Tuile Cookie
Lemon Cake,Lemon Tart,Blueberry Danish
Lemon Cake,Blueberry Tart,Apricot Croissant
Apple Tart,Apple Croissant,Apple Danish
Blueberry Tart,Apricot Croissant,Raspberry Lemonade,Hot Coffee
Blueberry Tart,Cheese Croissant,Orange Juice
Apple Tart,Apricot Tart,Apple Croissant,Apricot Danish,Apple Danish,Raspberry Lemonade,Bottled Water
Chocolate Eclair,Napoleon Cake,Lemon Tart,Lemon Cookie,Bottled Water
Raspberry Cookie,Lemon Cookie,Lemon Lemonade,Raspberry Lemonade,Green Tea
Truffle Cake,Apple Tart,Apple Croissant,Apple Danish,Cherry Soda
Chocolate Cake,Casino Cake,Pecan Tart,Bottled Water,Chocolate Coffee
Opera Cake,Cherry Tart,Apricot Danish
Strawberry Cake,Apple Tart,Berry Tart,Lemon Tart,Apricot Croissant,Cherry Soda
Raspberry Lemonade
Chocolate Cake,Berry Tart,Bottled Water
Lemon Cake,Almond Tart,Apricot Tart,Lemon Tart,Chocolate Meringue,Vanilla Meringue,Cheese Croissant,Blueberry Danish
Coffee Eclair,Blackberry Tart,Blueberry Tart
Strawberry Cake,Walnut Cookie,Chocolate Coffee
Berry Tart,Pecan Tart,Lemon Lemonade,Green Tea
Coffee Eclair,Almond Bear Claw
Opera Cake,Cherry Tart,Hot Coffee,Vanilla Frappuccino
Lemon Tart,Walnut Cookie,Green Tea
Napoleon Cake,Blueberry Tart
Chocolate Cake,Pecan Tart,Orange Juice
Truffle Cake,Almond Tart,Apricot Croissant,Cheese Croissant,Blueberry Danish,Bottled Water
Marzipan Cookie,Tuile Cookie
Truffle Cake,Gongolais Cookie,Chocolate Meringue,Walnut Cookie,Almond Twist,Green Tea
Lemon Tart
Strawberry Cake,Blueberry Tart,Chocolate Croissant
Napoleon Cake,Chocolate Tart,Bottled Water,Hot Coffee
Coffee Eclair,Blackberry Tart,Walnut Cookie
Coffee Eclair,Apple Pie,Marzipan Cookie,Almond Twist,Blueberry Danish,Hot Coffee,Single Espresso
Apple Tart,Apple Croissant,Apple Danish,Cherry Soda
Chocolate Croissant,Single Espresso
Apple Croissant
Chocolate Meringue,Cheese Croissant,Orange Juice,Hot Coffee
Blueberry Tart,Marzipan Cookie,Apricot Croissant,Hot Coffee
Chocolate Meringue,Raspberry Lemonade
Chocolate Eclair,Napoleon Cake,Blackberry Tart,Lemon Cookie,Chocolate Meringue,Lemon Lemonade,Hot Coffee
Coffee Eclair,Vanilla Eclair,Napoleon Cake,Apple Pie,Walnut Cookie,Almond Twist,Hot Coffee
Ganache Cookie,Apple Danish
Truffle Cake,Coffee Eclair,Berry Tart,Chocolate Tart,Gongolais Cookie
Almond Bear Claw,Lemon Lemonade
Casino Cake,Coffee Eclair,Blackberry Tart,Gongolais Cookie,Chocolate Meringue,Cheese Croissant,Raspberry Lemonade
Marzipan Cookie,Tuile Cookie
Blueberry Tart,Apricot Croissant,Hot Coffee
Vanilla Eclair,Cherry Tart,Tuile Cookie
Apricot Tart
Raspberry Lemonade
Marzipan Cookie,Tuile Cookie,Almond Bear Claw,Cherry Soda
Opera Cake,Cherry Tart,Apricot Danish
Blueberry Tart,Pecan Tart,Apricot Croissant,Apple Danish
Blueberry Tart,Apricot Croissant,Hot Coffee
Strawberry Cake,Napoleon Cake
Gongolais Cookie,Apple Croissant,Blueberry Danish
Chocolate Cake,Casino Cake,Chocolate Coffee
Chocolate Croissant
Chocolate Cake,Casino Cake,Chocolate Coffee
Chocolate Cake
Opera Cake,Chocolate Eclair,Apricot Tart
Opera Cake,Walnut Cookie,Bottled Water
Napoleon Cake,Marzipan Cookie,Tuile Cookie,Hot Coffee
Casino Cake,Almond Tart,Gongolais Cookie,Apple Croissant,Cheese Croissant,Chocolate Coffee
Casino Cake,Chocolate Eclair,Gongolais Cookie,Apricot Croissant
Chocolate Cake,Strawberry Cake,Napoleon Cake,Almond Croissant,Cheese Croissant
Opera Cake,Cherry Tart,Apricot Danish
Blackberry Tart,Chocolate Croissant,Vanilla Frappuccino
